Workbook

Sheet Notes
A1: T51 preset matrix (channel I) — transcription, p.31 circuit + p.32 wiring
A2: Bus drive voltage (V) | B2: 10
A3: Pull-down resistor (kΩ) | B3: 10
A5: Model (inference, not on the page): bus driven ~10 V by a BA emitter-follower when its tone button is pressed; each row line is pulled down by 10 kΩ to the slider rail; level ≈ 10 V × 10k/(R+10k) minus a diode drop. 'J' = diode only (full level). Blank = no connection.
A6: Bus order A..F is the printed order (91..96 = BA-I1..I6). Assigned to buttons String 1, String 3, Brass 1, Flute, Electric Piano, Clavichord 1 — assignment unverified.
A7: Sheet 'Schematic p31' = values as drawn on the circuit diagram (older revision: triangle marks flag later changes).
A8: Sheet 'Revised p32' = values read from the wiring page, which prints 'new(old)'. Green cells = confirmed because the printed (old) value matches the schematic read. Unconfirmed rows: 1–8, 11 (A/F), 16, 24–26 kept as drawn or low confidence.
A9: Row 12 bus E: drawn 8.2K (first read as 9.2K/3.2K); wiring page prints (8.2K).
A10: Rows 25–26: triangle-marked special parts (extra resistor parallel at C25, double-diode symbols at A25/F25/E26/F26) not resolved.
A11: Row names 1–22 are from the earlier slider map; 23–26 from the touch-sensitivity rows. Row 1 and row 6 are empty on this board.

Sheet Schematic p31
A1: T51 as drawn (p.31)
A2: Row | B2: Slider / function | C2: Bus A (R, kΩ) | D2: Bus B (R, kΩ) | E2: Bus C (R, kΩ) | F2: Bus D (R, kΩ) | G2: Bus E (R, kΩ) | H2: Bus F (R, kΩ) | J2: A level (V) | K2: B level (V) | L2: C level (V) | M2: D level (V) | N2: E level (V) | O2: F level (V)
A3: 1 | B3: VR1 Speed | J3: =IF(C3="","",IF(C3="J",Notes!$B$2,Notes!$B$2*Notes!$B$3/(C3+Notes!$B$3))) | K3: =IF(D3="","",IF(D3="J",Notes!$B$2,Notes!$B$2*Notes!$B$3/(D3+Notes!$B$3))) | L3: =IF(E3="","",IF(E3="J",Notes!$B$2,Notes!$B$2*Notes!$B$3/(E3+Notes!$B$3))) | M3: =IF(F3="","",IF(F3="J",Notes!$B$2,Notes!$B$2*Notes!$B$3/(F3+Notes!$B$3))) | N3: =IF(G3="","",IF(G3="J",Notes!$B$2,Notes!$B$2*Notes!$B$3/(G3+Notes!$B$3))) | O3: =IF(H3="","",IF(H3="J",Notes!$B$2,Notes!$B$2*Notes!$B$3/(H3+Notes!$B$3)))
A4: 2 | B4: VR2 PWM | G4: 150 | J4: =IF(C4="","",IF(C4="J",Notes!$B$2,Notes!$B$2*Notes!$B$3/(C4+Notes!$B$3))) | K4: =IF(D4="","",IF(D4="J",Notes!$B$2,Notes!$B$2*Notes!$B$3/(D4+Notes!$B$3))) | L4: =IF(E4="","",IF(E4="J",Notes!$B$2,Notes!$B$2*Notes!$B$3/(E4+Notes!$B$3))) | M4: =IF(F4="","",IF(F4="J",Notes!$B$2,Notes!$B$2*Notes!$B$3/(F4+Notes!$B$3))) | N4: =IF(G4="","",IF(G4="J",Notes!$B$2,Notes!$B$2*Notes!$B$3/(G4+Notes!$B$3))) | O4: =IF(H4="","",IF(H4="J",Notes!$B$2,Notes!$B$2*Notes!$B$3/(H4+Notes!$B$3)))
A5: 3 | B5: VR3 PW | G5: 20 | H5: 4.3 | J5: =IF(C5="","",IF(C5="J",Notes!$B$2,Notes!$B$2*Notes!$B$3/(C5+Notes!$B$3))) | K5: =IF(D5="","",IF(D5="J",Notes!$B$2,Notes!$B$2*Notes!$B$3/(D5+Notes!$B$3))) | L5: =IF(E5="","",IF(E5="J",Notes!$B$2,Notes!$B$2*Notes!$B$3/(E5+Notes!$B$3))) | M5: =IF(F5="","",IF(F5="J",Notes!$B$2,Notes!$B$2*Notes!$B$3/(F5+Notes!$B$3))) | N5: =IF(G5="","",IF(G5="J",Notes!$B$2,Notes!$B$2*Notes!$B$3/(G5+Notes!$B$3))) | O5: =IF(H5="","",IF(H5="J",Notes!$B$2,Notes!$B$2*Notes!$B$3/(H5+Notes!$B$3)))
A6: 4 | B6: SW1 square | G6: J | H6: J | J6: =IF(C6="","",IF(C6="J",Notes!$B$2,Notes!$B$2*Notes!$B$3/(C6+Notes!$B$3))) | K6: =IF(D6="","",IF(D6="J",Notes!$B$2,Notes!$B$2*Notes!$B$3/(D6+Notes!$B$3))) | L6: =IF(E6="","",IF(E6="J",Notes!$B$2,Notes!$B$2*Notes!$B$3/(E6+Notes!$B$3))) | M6: =IF(F6="","",IF(F6="J",Notes!$B$2,Notes!$B$2*Notes!$B$3/(F6+Notes!$B$3))) | N6: =IF(G6="","",IF(G6="J",Notes!$B$2,Notes!$B$2*Notes!$B$3/(G6+Notes!$B$3))) | O6: =IF(H6="","",IF(H6="J",Notes!$B$2,Notes!$B$2*Notes!$B$3/(H6+Notes!$B$3)))
A7: 5 | B7: SW2 saw/ramp | C7: J | D7: J | E7: J | F7: J | H7: J | J7: =IF(C7="","",IF(C7="J",Notes!$B$2,Notes!$B$2*Notes!$B$3/(C7+Notes!$B$3))) | K7: =IF(D7="","",IF(D7="J",Notes!$B$2,Notes!$B$2*Notes!$B$3/(D7+Notes!$B$3))) | L7: =IF(E7="","",IF(E7="J",Notes!$B$2,Notes!$B$2*Notes!$B$3/(E7+Notes!$B$3))) | M7: =IF(F7="","",IF(F7="J",Notes!$B$2,Notes!$B$2*Notes!$B$3/(F7+Notes!$B$3))) | N7: =IF(G7="","",IF(G7="J",Notes!$B$2,Notes!$B$2*Notes!$B$3/(G7+Notes!$B$3))) | O7: =IF(H7="","",IF(H7="J",Notes!$B$2,Notes!$B$2*Notes!$B$3/(H7+Notes!$B$3)))
A8: 6 | B8: VR4 Noise | J8: =IF(C8="","",IF(C8="J",Notes!$B$2,Notes!$B$2*Notes!$B$3/(C8+Notes!$B$3))) | K8: =IF(D8="","",IF(D8="J",Notes!$B$2,Notes!$B$2*Notes!$B$3/(D8+Notes!$B$3))) | L8: =IF(E8="","",IF(E8="J",Notes!$B$2,Notes!$B$2*Notes!$B$3/(E8+Notes!$B$3))) | M8: =IF(F8="","",IF(F8="J",Notes!$B$2,Notes!$B$2*Notes!$B$3/(F8+Notes!$B$3))) | N8: =IF(G8="","",IF(G8="J",Notes!$B$2,Notes!$B$2*Notes!$B$3/(G8+Notes!$B$3))) | O8: =IF(H8="","",IF(H8="J",Notes!$B$2,Notes!$B$2*Notes!$B$3/(H8+Notes!$B$3)))
A9: 7 | B9: HPF (BA fo1/fo3) | C9: 6.8 | F9: 5.1 | G9: 47 | H9: 6.2 | J9: =IF(C9="","",IF(C9="J",Notes!$B$2,Notes!$B$2*Notes!$B$3/(C9+Notes!$B$3))) | K9: =IF(D9="","",IF(D9="J",Notes!$B$2,Notes!$B$2*Notes!$B$3/(D9+Notes!$B$3))) | L9: =IF(E9="","",IF(E9="J",Notes!$B$2,Notes!$B$2*Notes!$B$3/(E9+Notes!$B$3))) | M9: =IF(F9="","",IF(F9="J",Notes!$B$2,Notes!$B$2*Notes!$B$3/(F9+Notes!$B$3))) | N9: =IF(G9="","",IF(G9="J",Notes!$B$2,Notes!$B$2*Notes!$B$3/(G9+Notes!$B$3))) | O9: =IF(H9="","",IF(H9="J",Notes!$B$2,Notes!$B$2*Notes!$B$3/(H9+Notes!$B$3)))
A10: 8 | B10: VR6 RESH | C10: 5.6 | D10: J | E10: J | F10: 15 | G10: 4.7 | H10: 6.2 | J10: =IF(C10="","",IF(C10="J",Notes!$B$2,Notes!$B$2*Notes!$B$3/(C10+Notes!$B$3))) | K10: =IF(D10="","",IF(D10="J",Notes!$B$2,Notes!$B$2*Notes!$B$3/(D10+Notes!$B$3))) | L10: =IF(E10="","",IF(E10="J",Notes!$B$2,Notes!$B$2*Notes!$B$3/(E10+Notes!$B$3))) | M10: =IF(F10="","",IF(F10="J",Notes!$B$2,Notes!$B$2*Notes!$B$3/(F10+Notes!$B$3))) | N10: =IF(G10="","",IF(G10="J",Notes!$B$2,Notes!$B$2*Notes!$B$3/(G10+Notes!$B$3))) | O10: =IF(H10="","",IF(H10="J",Notes!$B$2,Notes!$B$2*Notes!$B$3/(H10+Notes!$B$3)))
A11: 9 | B11: LPF (BA fo2/fo4) | C11: 1 | D11: J | E11: 5.1 | F11: 7.5 | G11: 33 | H11: 4.3 | J11: =IF(C11="","",IF(C11="J",Notes!$B$2,Notes!$B$2*Notes!$B$3/(C11+Notes!$B$3))) | K11: =IF(D11="","",IF(D11="J",Notes!$B$2,Notes!$B$2*Notes!$B$3/(D11+Notes!$B$3))) | L11: =IF(E11="","",IF(E11="J",Notes!$B$2,Notes!$B$2*Notes!$B$3/(E11+Notes!$B$3))) | M11: =IF(F11="","",IF(F11="J",Notes!$B$2,Notes!$B$2*Notes!$B$3/(F11+Notes!$B$3))) | N11: =IF(G11="","",IF(G11="J",Notes!$B$2,Notes!$B$2*Notes!$B$3/(G11+Notes!$B$3))) | O11: =IF(H11="","",IF(H11="J",Notes!$B$2,Notes!$B$2*Notes!$B$3/(H11+Notes!$B$3)))
A12: 10 | B12: VR8 RESL | C12: J | D12: J | E12: 6.8 | F12: 30 | G12: 12 | H12: 10 | J12: =IF(C12="","",IF(C12="J",Notes!$B$2,Notes!$B$2*Notes!$B$3/(C12+Notes!$B$3))) | K12: =IF(D12="","",IF(D12="J",Notes!$B$2,Notes!$B$2*Notes!$B$3/(D12+Notes!$B$3))) | L12: =IF(E12="","",IF(E12="J",Notes!$B$2,Notes!$B$2*Notes!$B$3/(E12+Notes!$B$3))) | M12: =IF(F12="","",IF(F12="J",Notes!$B$2,Notes!$B$2*Notes!$B$3/(F12+Notes!$B$3))) | N12: =IF(G12="","",IF(G12="J",Notes!$B$2,Notes!$B$2*Notes!$B$3/(G12+Notes!$B$3))) | O12: =IF(H12="","",IF(H12="J",Notes!$B$2,Notes!$B$2*Notes!$B$3/(H12+Notes!$B$3)))
A13: 11 | B13: VR9 IL | C13: 16 | E13: 43 | F13: 9.1 | J13: =IF(C13="","",IF(C13="J",Notes!$B$2,Notes!$B$2*Notes!$B$3/(C13+Notes!$B$3))) | K13: =IF(D13="","",IF(D13="J",Notes!$B$2,Notes!$B$2*Notes!$B$3/(D13+Notes!$B$3))) | L13: =IF(E13="","",IF(E13="J",Notes!$B$2,Notes!$B$2*Notes!$B$3/(E13+Notes!$B$3))) | M13: =IF(F13="","",IF(F13="J",Notes!$B$2,Notes!$B$2*Notes!$B$3/(F13+Notes!$B$3))) | N13: =IF(G13="","",IF(G13="J",Notes!$B$2,Notes!$B$2*Notes!$B$3/(G13+Notes!$B$3))) | O13: =IF(H13="","",IF(H13="J",Notes!$B$2,Notes!$B$2*Notes!$B$3/(H13+Notes!$B$3)))
A14: 12 | B14: VR10 AL | C14: 3.6 | D14: 5.1 | E14: 13 | F14: 130 | G14: 8.2 | H14: 10 | J14: =IF(C14="","",IF(C14="J",Notes!$B$2,Notes!$B$2*Notes!$B$3/(C14+Notes!$B$3))) | K14: =IF(D14="","",IF(D14="J",Notes!$B$2,Notes!$B$2*Notes!$B$3/(D14+Notes!$B$3))) | L14: =IF(E14="","",IF(E14="J",Notes!$B$2,Notes!$B$2*Notes!$B$3/(E14+Notes!$B$3))) | M14: =IF(F14="","",IF(F14="J",Notes!$B$2,Notes!$B$2*Notes!$B$3/(F14+Notes!$B$3))) | N14: =IF(G14="","",IF(G14="J",Notes!$B$2,Notes!$B$2*Notes!$B$3/(G14+Notes!$B$3))) | O14: =IF(H14="","",IF(H14="J",Notes!$B$2,Notes!$B$2*Notes!$B$3/(H14+Notes!$B$3)))
A15: 13 | B15: VR11 A | C15: 30 | D15: 75 | E15: 62 | F15: 18 | G15: J | H15: J | J15: =IF(C15="","",IF(C15="J",Notes!$B$2,Notes!$B$2*Notes!$B$3/(C15+Notes!$B$3))) | K15: =IF(D15="","",IF(D15="J",Notes!$B$2,Notes!$B$2*Notes!$B$3/(D15+Notes!$B$3))) | L15: =IF(E15="","",IF(E15="J",Notes!$B$2,Notes!$B$2*Notes!$B$3/(E15+Notes!$B$3))) | M15: =IF(F15="","",IF(F15="J",Notes!$B$2,Notes!$B$2*Notes!$B$3/(F15+Notes!$B$3))) | N15: =IF(G15="","",IF(G15="J",Notes!$B$2,Notes!$B$2*Notes!$B$3/(G15+Notes!$B$3))) | O15: =IF(H15="","",IF(H15="J",Notes!$B$2,Notes!$B$2*Notes!$B$3/(H15+Notes!$B$3)))
A16: 14 | B16: VR12 D | C16: 12 | D16: 39 | E16: 51 | F16: 51 | G16: 18 | H16: 33 | J16: =IF(C16="","",IF(C16="J",Notes!$B$2,Notes!$B$2*Notes!$B$3/(C16+Notes!$B$3))) | K16: =IF(D16="","",IF(D16="J",Notes!$B$2,Notes!$B$2*Notes!$B$3/(D16+Notes!$B$3))) | L16: =IF(E16="","",IF(E16="J",Notes!$B$2,Notes!$B$2*Notes!$B$3/(E16+Notes!$B$3))) | M16: =IF(F16="","",IF(F16="J",Notes!$B$2,Notes!$B$2*Notes!$B$3/(F16+Notes!$B$3))) | N16: =IF(G16="","",IF(G16="J",Notes!$B$2,Notes!$B$2*Notes!$B$3/(G16+Notes!$B$3))) | O16: =IF(H16="","",IF(H16="J",Notes!$B$2,Notes!$B$2*Notes!$B$3/(H16+Notes!$B$3)))
A17: 15 | B17: VR13 R | C17: 1.2 | D17: 11 | E17: J | F17: 3.6 | G17: J | H17: 3.3 | J17: =IF(C17="","",IF(C17="J",Notes!$B$2,Notes!$B$2*Notes!$B$3/(C17+Notes!$B$3))) | K17: =IF(D17="","",IF(D17="J",Notes!$B$2,Notes!$B$2*Notes!$B$3/(D17+Notes!$B$3))) | L17: =IF(E17="","",IF(E17="J",Notes!$B$2,Notes!$B$2*Notes!$B$3/(E17+Notes!$B$3))) | M17: =IF(F17="","",IF(F17="J",Notes!$B$2,Notes!$B$2*Notes!$B$3/(F17+Notes!$B$3))) | N17: =IF(G17="","",IF(G17="J",Notes!$B$2,Notes!$B$2*Notes!$B$3/(G17+Notes!$B$3))) | O17: =IF(H17="","",IF(H17="J",Notes!$B$2,Notes!$B$2*Notes!$B$3/(H17+Notes!$B$3)))
A18: 16 | B18: VR14 VCA level | C18: J | D18: J | E18: J | F18: J | G18: J | H18: J | J18: =IF(C18="","",IF(C18="J",Notes!$B$2,Notes!$B$2*Notes!$B$3/(C18+Notes!$B$3))) | K18: =IF(D18="","",IF(D18="J",Notes!$B$2,Notes!$B$2*Notes!$B$3/(D18+Notes!$B$3))) | L18: =IF(E18="","",IF(E18="J",Notes!$B$2,Notes!$B$2*Notes!$B$3/(E18+Notes!$B$3))) | M18: =IF(F18="","",IF(F18="J",Notes!$B$2,Notes!$B$2*Notes!$B$3/(F18+Notes!$B$3))) | N18: =IF(G18="","",IF(G18="J",Notes!$B$2,Notes!$B$2*Notes!$B$3/(G18+Notes!$B$3))) | O18: =IF(H18="","",IF(H18="J",Notes!$B$2,Notes!$B$2*Notes!$B$3/(H18+Notes!$B$3)))
A19: 17 | B19: VR15 wave symbol | C19: 220 | E19: 220 | G19: 10 | J19: =IF(C19="","",IF(C19="J",Notes!$B$2,Notes!$B$2*Notes!$B$3/(C19+Notes!$B$3))) | K19: =IF(D19="","",IF(D19="J",Notes!$B$2,Notes!$B$2*Notes!$B$3/(D19+Notes!$B$3))) | L19: =IF(E19="","",IF(E19="J",Notes!$B$2,Notes!$B$2*Notes!$B$3/(E19+Notes!$B$3))) | M19: =IF(F19="","",IF(F19="J",Notes!$B$2,Notes!$B$2*Notes!$B$3/(F19+Notes!$B$3))) | N19: =IF(G19="","",IF(G19="J",Notes!$B$2,Notes!$B$2*Notes!$B$3/(G19+Notes!$B$3))) | O19: =IF(H19="","",IF(H19="J",Notes!$B$2,Notes!$B$2*Notes!$B$3/(H19+Notes!$B$3)))
A20: 18 | B20: VR16 A | C20: 62 | D20: 150 | E20: 8.2 | F20: 22 | G20: 3.3 | H20: J | J20: =IF(C20="","",IF(C20="J",Notes!$B$2,Notes!$B$2*Notes!$B$3/(C20+Notes!$B$3))) | K20: =IF(D20="","",IF(D20="J",Notes!$B$2,Notes!$B$2*Notes!$B$3/(D20+Notes!$B$3))) | L20: =IF(E20="","",IF(E20="J",Notes!$B$2,Notes!$B$2*Notes!$B$3/(E20+Notes!$B$3))) | M20: =IF(F20="","",IF(F20="J",Notes!$B$2,Notes!$B$2*Notes!$B$3/(F20+Notes!$B$3))) | N20: =IF(G20="","",IF(G20="J",Notes!$B$2,Notes!$B$2*Notes!$B$3/(G20+Notes!$B$3))) | O20: =IF(H20="","",IF(H20="J",Notes!$B$2,Notes!$B$2*Notes!$B$3/(H20+Notes!$B$3)))
A21: 19 | B21: VR17 D | C21: 82 | E21: 39 | G21: 36 | H21: 20 | J21: =IF(C21="","",IF(C21="J",Notes!$B$2,Notes!$B$2*Notes!$B$3/(C21+Notes!$B$3))) | K21: =IF(D21="","",IF(D21="J",Notes!$B$2,Notes!$B$2*Notes!$B$3/(D21+Notes!$B$3))) | L21: =IF(E21="","",IF(E21="J",Notes!$B$2,Notes!$B$2*Notes!$B$3/(E21+Notes!$B$3))) | M21: =IF(F21="","",IF(F21="J",Notes!$B$2,Notes!$B$2*Notes!$B$3/(F21+Notes!$B$3))) | N21: =IF(G21="","",IF(G21="J",Notes!$B$2,Notes!$B$2*Notes!$B$3/(G21+Notes!$B$3))) | O21: =IF(H21="","",IF(H21="J",Notes!$B$2,Notes!$B$2*Notes!$B$3/(H21+Notes!$B$3)))
A22: 20 | B22: VR18 S | C22: 1.2 | D22: 7.5 | E22: 6.2 | F22: 9.1 | G22: 160 | H22: 68 | J22: =IF(C22="","",IF(C22="J",Notes!$B$2,Notes!$B$2*Notes!$B$3/(C22+Notes!$B$3))) | K22: =IF(D22="","",IF(D22="J",Notes!$B$2,Notes!$B$2*Notes!$B$3/(D22+Notes!$B$3))) | L22: =IF(E22="","",IF(E22="J",Notes!$B$2,Notes!$B$2*Notes!$B$3/(E22+Notes!$B$3))) | M22: =IF(F22="","",IF(F22="J",Notes!$B$2,Notes!$B$2*Notes!$B$3/(F22+Notes!$B$3))) | N22: =IF(G22="","",IF(G22="J",Notes!$B$2,Notes!$B$2*Notes!$B$3/(G22+Notes!$B$3))) | O22: =IF(H22="","",IF(H22="J",Notes!$B$2,Notes!$B$2*Notes!$B$3/(H22+Notes!$B$3)))
A23: 21 | B23: VR19 R | C23: 1.3 | D23: 9.1 | E23: J | F23: 3.9 | G23: 5.6 | H23: J | J23: =IF(C23="","",IF(C23="J",Notes!$B$2,Notes!$B$2*Notes!$B$3/(C23+Notes!$B$3))) | K23: =IF(D23="","",IF(D23="J",Notes!$B$2,Notes!$B$2*Notes!$B$3/(D23+Notes!$B$3))) | L23: =IF(E23="","",IF(E23="J",Notes!$B$2,Notes!$B$2*Notes!$B$3/(E23+Notes!$B$3))) | M23: =IF(F23="","",IF(F23="J",Notes!$B$2,Notes!$B$2*Notes!$B$3/(F23+Notes!$B$3))) | N23: =IF(G23="","",IF(G23="J",Notes!$B$2,Notes!$B$2*Notes!$B$3/(G23+Notes!$B$3))) | O23: =IF(H23="","",IF(H23="J",Notes!$B$2,Notes!$B$2*Notes!$B$3/(H23+Notes!$B$3)))
A24: 22 | B24: VR20 level | C24: J | D24: J | E24: J | F24: J | G24: 12 | H24: 3.6 | J24: =IF(C24="","",IF(C24="J",Notes!$B$2,Notes!$B$2*Notes!$B$3/(C24+Notes!$B$3))) | K24: =IF(D24="","",IF(D24="J",Notes!$B$2,Notes!$B$2*Notes!$B$3/(D24+Notes!$B$3))) | L24: =IF(E24="","",IF(E24="J",Notes!$B$2,Notes!$B$2*Notes!$B$3/(E24+Notes!$B$3))) | M24: =IF(F24="","",IF(F24="J",Notes!$B$2,Notes!$B$2*Notes!$B$3/(F24+Notes!$B$3))) | N24: =IF(G24="","",IF(G24="J",Notes!$B$2,Notes!$B$2*Notes!$B$3/(G24+Notes!$B$3))) | O24: =IF(H24="","",IF(H24="J",Notes!$B$2,Notes!$B$2*Notes!$B$3/(H24+Notes!$B$3)))
A25: 23 | B25: VR21 touch: init brilliance | C25: 12 | D25: 18 | E25: 18 | F25: 62 | G25: 15 | H25: 82 | J25: =IF(C25="","",IF(C25="J",Notes!$B$2,Notes!$B$2*Notes!$B$3/(C25+Notes!$B$3))) | K25: =IF(D25="","",IF(D25="J",Notes!$B$2,Notes!$B$2*Notes!$B$3/(D25+Notes!$B$3))) | L25: =IF(E25="","",IF(E25="J",Notes!$B$2,Notes!$B$2*Notes!$B$3/(E25+Notes!$B$3))) | M25: =IF(F25="","",IF(F25="J",Notes!$B$2,Notes!$B$2*Notes!$B$3/(F25+Notes!$B$3))) | N25: =IF(G25="","",IF(G25="J",Notes!$B$2,Notes!$B$2*Notes!$B$3/(G25+Notes!$B$3))) | O25: =IF(H25="","",IF(H25="J",Notes!$B$2,Notes!$B$2*Notes!$B$3/(H25+Notes!$B$3)))
A26: 24 | B26: VR22 touch: init level | C26: J | D26: J | E26: J | F26: J | G26: J | H26: J | J26: =IF(C26="","",IF(C26="J",Notes!$B$2,Notes!$B$2*Notes!$B$3/(C26+Notes!$B$3))) | K26: =IF(D26="","",IF(D26="J",Notes!$B$2,Notes!$B$2*Notes!$B$3/(D26+Notes!$B$3))) | L26: =IF(E26="","",IF(E26="J",Notes!$B$2,Notes!$B$2*Notes!$B$3/(E26+Notes!$B$3))) | M26: =IF(F26="","",IF(F26="J",Notes!$B$2,Notes!$B$2*Notes!$B$3/(F26+Notes!$B$3))) | N26: =IF(G26="","",IF(G26="J",Notes!$B$2,Notes!$B$2*Notes!$B$3/(G26+Notes!$B$3))) | O26: =IF(H26="","",IF(H26="J",Notes!$B$2,Notes!$B$2*Notes!$B$3/(H26+Notes!$B$3)))
A27: 25 | B27: VR23 touch: after brilliance | C27: J | E27: 10 | F27: 62 | H27: 1.5 | J27: =IF(C27="","",IF(C27="J",Notes!$B$2,Notes!$B$2*Notes!$B$3/(C27+Notes!$B$3))) | K27: =IF(D27="","",IF(D27="J",Notes!$B$2,Notes!$B$2*Notes!$B$3/(D27+Notes!$B$3))) | L27: =IF(E27="","",IF(E27="J",Notes!$B$2,Notes!$B$2*Notes!$B$3/(E27+Notes!$B$3))) | M27: =IF(F27="","",IF(F27="J",Notes!$B$2,Notes!$B$2*Notes!$B$3/(F27+Notes!$B$3))) | N27: =IF(G27="","",IF(G27="J",Notes!$B$2,Notes!$B$2*Notes!$B$3/(G27+Notes!$B$3))) | O27: =IF(H27="","",IF(H27="J",Notes!$B$2,Notes!$B$2*Notes!$B$3/(H27+Notes!$B$3)))
A28: 26 | B28: VR24 touch: after level | C28: J | D28: J | E28: J | F28: J | G28: J | H28: J | J28: =IF(C28="","",IF(C28="J",Notes!$B$2,Notes!$B$2*Notes!$B$3/(C28+Notes!$B$3))) | K28: =IF(D28="","",IF(D28="J",Notes!$B$2,Notes!$B$2*Notes!$B$3/(D28+Notes!$B$3))) | L28: =IF(E28="","",IF(E28="J",Notes!$B$2,Notes!$B$2*Notes!$B$3/(E28+Notes!$B$3))) | M28: =IF(F28="","",IF(F28="J",Notes!$B$2,Notes!$B$2*Notes!$B$3/(F28+Notes!$B$3))) | N28: =IF(G28="","",IF(G28="J",Notes!$B$2,Notes!$B$2*Notes!$B$3/(G28+Notes!$B$3))) | O28: =IF(H28="","",IF(H28="J",Notes!$B$2,Notes!$B$2*Notes!$B$3/(H28+Notes!$B$3)))

Sheet Revised p32
A1: T51 revised values (p.32 wiring, new)
A2: Row | B2: Slider / function | C2: Bus A (R, kΩ) | D2: Bus B (R, kΩ) | E2: Bus C (R, kΩ) | F2: Bus D (R, kΩ) | G2: Bus E (R, kΩ) | H2: Bus F (R, kΩ) | J2: A level (V) | K2: B level (V) | L2: C level (V) | M2: D level (V) | N2: E level (V) | O2: F level (V)
A3: 1 | B3: VR1 Speed | J3: =IF(C3="","",IF(C3="J",Notes!$B$2,Notes!$B$2*Notes!$B$3/(C3+Notes!$B$3))) | K3: =IF(D3="","",IF(D3="J",Notes!$B$2,Notes!$B$2*Notes!$B$3/(D3+Notes!$B$3))) | L3: =IF(E3="","",IF(E3="J",Notes!$B$2,Notes!$B$2*Notes!$B$3/(E3+Notes!$B$3))) | M3: =IF(F3="","",IF(F3="J",Notes!$B$2,Notes!$B$2*Notes!$B$3/(F3+Notes!$B$3))) | N3: =IF(G3="","",IF(G3="J",Notes!$B$2,Notes!$B$2*Notes!$B$3/(G3+Notes!$B$3))) | O3: =IF(H3="","",IF(H3="J",Notes!$B$2,Notes!$B$2*Notes!$B$3/(H3+Notes!$B$3)))
A4: 2 | B4: VR2 PWM | J4: =IF(C4="","",IF(C4="J",Notes!$B$2,Notes!$B$2*Notes!$B$3/(C4+Notes!$B$3))) | K4: =IF(D4="","",IF(D4="J",Notes!$B$2,Notes!$B$2*Notes!$B$3/(D4+Notes!$B$3))) | L4: =IF(E4="","",IF(E4="J",Notes!$B$2,Notes!$B$2*Notes!$B$3/(E4+Notes!$B$3))) | M4: =IF(F4="","",IF(F4="J",Notes!$B$2,Notes!$B$2*Notes!$B$3/(F4+Notes!$B$3))) | N4: =IF(G4="","",IF(G4="J",Notes!$B$2,Notes!$B$2*Notes!$B$3/(G4+Notes!$B$3))) | O4: =IF(H4="","",IF(H4="J",Notes!$B$2,Notes!$B$2*Notes!$B$3/(H4+Notes!$B$3)))
A5: 3 | B5: VR3 PW | G5: 7.5 | J5: =IF(C5="","",IF(C5="J",Notes!$B$2,Notes!$B$2*Notes!$B$3/(C5+Notes!$B$3))) | K5: =IF(D5="","",IF(D5="J",Notes!$B$2,Notes!$B$2*Notes!$B$3/(D5+Notes!$B$3))) | L5: =IF(E5="","",IF(E5="J",Notes!$B$2,Notes!$B$2*Notes!$B$3/(E5+Notes!$B$3))) | M5: =IF(F5="","",IF(F5="J",Notes!$B$2,Notes!$B$2*Notes!$B$3/(F5+Notes!$B$3))) | N5: =IF(G5="","",IF(G5="J",Notes!$B$2,Notes!$B$2*Notes!$B$3/(G5+Notes!$B$3))) | O5: =IF(H5="","",IF(H5="J",Notes!$B$2,Notes!$B$2*Notes!$B$3/(H5+Notes!$B$3)))
A6: 4 | B6: SW1 square | G6: J | H6: J | J6: =IF(C6="","",IF(C6="J",Notes!$B$2,Notes!$B$2*Notes!$B$3/(C6+Notes!$B$3))) | K6: =IF(D6="","",IF(D6="J",Notes!$B$2,Notes!$B$2*Notes!$B$3/(D6+Notes!$B$3))) | L6: =IF(E6="","",IF(E6="J",Notes!$B$2,Notes!$B$2*Notes!$B$3/(E6+Notes!$B$3))) | M6: =IF(F6="","",IF(F6="J",Notes!$B$2,Notes!$B$2*Notes!$B$3/(F6+Notes!$B$3))) | N6: =IF(G6="","",IF(G6="J",Notes!$B$2,Notes!$B$2*Notes!$B$3/(G6+Notes!$B$3))) | O6: =IF(H6="","",IF(H6="J",Notes!$B$2,Notes!$B$2*Notes!$B$3/(H6+Notes!$B$3)))
A7: 5 | B7: SW2 saw/ramp | C7: J | D7: J | E7: J | F7: J | H7: J | J7: =IF(C7="","",IF(C7="J",Notes!$B$2,Notes!$B$2*Notes!$B$3/(C7+Notes!$B$3))) | K7: =IF(D7="","",IF(D7="J",Notes!$B$2,Notes!$B$2*Notes!$B$3/(D7+Notes!$B$3))) | L7: =IF(E7="","",IF(E7="J",Notes!$B$2,Notes!$B$2*Notes!$B$3/(E7+Notes!$B$3))) | M7: =IF(F7="","",IF(F7="J",Notes!$B$2,Notes!$B$2*Notes!$B$3/(F7+Notes!$B$3))) | N7: =IF(G7="","",IF(G7="J",Notes!$B$2,Notes!$B$2*Notes!$B$3/(G7+Notes!$B$3))) | O7: =IF(H7="","",IF(H7="J",Notes!$B$2,Notes!$B$2*Notes!$B$3/(H7+Notes!$B$3)))
A8: 6 | B8: VR4 Noise | J8: =IF(C8="","",IF(C8="J",Notes!$B$2,Notes!$B$2*Notes!$B$3/(C8+Notes!$B$3))) | K8: =IF(D8="","",IF(D8="J",Notes!$B$2,Notes!$B$2*Notes!$B$3/(D8+Notes!$B$3))) | L8: =IF(E8="","",IF(E8="J",Notes!$B$2,Notes!$B$2*Notes!$B$3/(E8+Notes!$B$3))) | M8: =IF(F8="","",IF(F8="J",Notes!$B$2,Notes!$B$2*Notes!$B$3/(F8+Notes!$B$3))) | N8: =IF(G8="","",IF(G8="J",Notes!$B$2,Notes!$B$2*Notes!$B$3/(G8+Notes!$B$3))) | O8: =IF(H8="","",IF(H8="J",Notes!$B$2,Notes!$B$2*Notes!$B$3/(H8+Notes!$B$3)))
A9: 7 | B9: HPF (BA fo1/fo3) | C9: 6.2 | F9: 27 | J9: =IF(C9="","",IF(C9="J",Notes!$B$2,Notes!$B$2*Notes!$B$3/(C9+Notes!$B$3))) | K9: =IF(D9="","",IF(D9="J",Notes!$B$2,Notes!$B$2*Notes!$B$3/(D9+Notes!$B$3))) | L9: =IF(E9="","",IF(E9="J",Notes!$B$2,Notes!$B$2*Notes!$B$3/(E9+Notes!$B$3))) | M9: =IF(F9="","",IF(F9="J",Notes!$B$2,Notes!$B$2*Notes!$B$3/(F9+Notes!$B$3))) | N9: =IF(G9="","",IF(G9="J",Notes!$B$2,Notes!$B$2*Notes!$B$3/(G9+Notes!$B$3))) | O9: =IF(H9="","",IF(H9="J",Notes!$B$2,Notes!$B$2*Notes!$B$3/(H9+Notes!$B$3)))
A10: 8 | B10: VR6 RESH | C10: J | D10: J | E10: J | F10: 18 | G10: J | H10: J | J10: =IF(C10="","",IF(C10="J",Notes!$B$2,Notes!$B$2*Notes!$B$3/(C10+Notes!$B$3))) | K10: =IF(D10="","",IF(D10="J",Notes!$B$2,Notes!$B$2*Notes!$B$3/(D10+Notes!$B$3))) | L10: =IF(E10="","",IF(E10="J",Notes!$B$2,Notes!$B$2*Notes!$B$3/(E10+Notes!$B$3))) | M10: =IF(F10="","",IF(F10="J",Notes!$B$2,Notes!$B$2*Notes!$B$3/(F10+Notes!$B$3))) | N10: =IF(G10="","",IF(G10="J",Notes!$B$2,Notes!$B$2*Notes!$B$3/(G10+Notes!$B$3))) | O10: =IF(H10="","",IF(H10="J",Notes!$B$2,Notes!$B$2*Notes!$B$3/(H10+Notes!$B$3)))
A11: 9 | B11: LPF (BA fo2/fo4) | C11: 0.75 | D11: 1.6 | E11: 4.3 | F11: 13 | G11: 12 | J11: =IF(C11="","",IF(C11="J",Notes!$B$2,Notes!$B$2*Notes!$B$3/(C11+Notes!$B$3))) | K11: =IF(D11="","",IF(D11="J",Notes!$B$2,Notes!$B$2*Notes!$B$3/(D11+Notes!$B$3))) | L11: =IF(E11="","",IF(E11="J",Notes!$B$2,Notes!$B$2*Notes!$B$3/(E11+Notes!$B$3))) | M11: =IF(F11="","",IF(F11="J",Notes!$B$2,Notes!$B$2*Notes!$B$3/(F11+Notes!$B$3))) | N11: =IF(G11="","",IF(G11="J",Notes!$B$2,Notes!$B$2*Notes!$B$3/(G11+Notes!$B$3))) | O11: =IF(H11="","",IF(H11="J",Notes!$B$2,Notes!$B$2*Notes!$B$3/(H11+Notes!$B$3)))
A12: 10 | B12: VR8 RESL | C12: J | D12: J | E12: 3.6 | F12: 15 | H12: J | J12: =IF(C12="","",IF(C12="J",Notes!$B$2,Notes!$B$2*Notes!$B$3/(C12+Notes!$B$3))) | K12: =IF(D12="","",IF(D12="J",Notes!$B$2,Notes!$B$2*Notes!$B$3/(D12+Notes!$B$3))) | L12: =IF(E12="","",IF(E12="J",Notes!$B$2,Notes!$B$2*Notes!$B$3/(E12+Notes!$B$3))) | M12: =IF(F12="","",IF(F12="J",Notes!$B$2,Notes!$B$2*Notes!$B$3/(F12+Notes!$B$3))) | N12: =IF(G12="","",IF(G12="J",Notes!$B$2,Notes!$B$2*Notes!$B$3/(G12+Notes!$B$3))) | O12: =IF(H12="","",IF(H12="J",Notes!$B$2,Notes!$B$2*Notes!$B$3/(H12+Notes!$B$3)))
A13: 11 | B13: VR9 IL | C13: J | D13: 4.7 | E13: 9.1 | F13: 27 | J13: =IF(C13="","",IF(C13="J",Notes!$B$2,Notes!$B$2*Notes!$B$3/(C13+Notes!$B$3))) | K13: =IF(D13="","",IF(D13="J",Notes!$B$2,Notes!$B$2*Notes!$B$3/(D13+Notes!$B$3))) | L13: =IF(E13="","",IF(E13="J",Notes!$B$2,Notes!$B$2*Notes!$B$3/(E13+Notes!$B$3))) | M13: =IF(F13="","",IF(F13="J",Notes!$B$2,Notes!$B$2*Notes!$B$3/(F13+Notes!$B$3))) | N13: =IF(G13="","",IF(G13="J",Notes!$B$2,Notes!$B$2*Notes!$B$3/(G13+Notes!$B$3))) | O13: =IF(H13="","",IF(H13="J",Notes!$B$2,Notes!$B$2*Notes!$B$3/(H13+Notes!$B$3)))
A14: 12 | B14: VR10 AL | C14: J | D14: 30 | E14: 20 | F14: 1.6 | G14: 3.3 | H14: J | J14: =IF(C14="","",IF(C14="J",Notes!$B$2,Notes!$B$2*Notes!$B$3/(C14+Notes!$B$3))) | K14: =IF(D14="","",IF(D14="J",Notes!$B$2,Notes!$B$2*Notes!$B$3/(D14+Notes!$B$3))) | L14: =IF(E14="","",IF(E14="J",Notes!$B$2,Notes!$B$2*Notes!$B$3/(E14+Notes!$B$3))) | M14: =IF(F14="","",IF(F14="J",Notes!$B$2,Notes!$B$2*Notes!$B$3/(F14+Notes!$B$3))) | N14: =IF(G14="","",IF(G14="J",Notes!$B$2,Notes!$B$2*Notes!$B$3/(G14+Notes!$B$3))) | O14: =IF(H14="","",IF(H14="J",Notes!$B$2,Notes!$B$2*Notes!$B$3/(H14+Notes!$B$3)))
A15: 13 | B15: VR11 A | C15: J | D15: 8.2 | E15: 120 | F15: 15 | G15: J | H15: J | J15: =IF(C15="","",IF(C15="J",Notes!$B$2,Notes!$B$2*Notes!$B$3/(C15+Notes!$B$3))) | K15: =IF(D15="","",IF(D15="J",Notes!$B$2,Notes!$B$2*Notes!$B$3/(D15+Notes!$B$3))) | L15: =IF(E15="","",IF(E15="J",Notes!$B$2,Notes!$B$2*Notes!$B$3/(E15+Notes!$B$3))) | M15: =IF(F15="","",IF(F15="J",Notes!$B$2,Notes!$B$2*Notes!$B$3/(F15+Notes!$B$3))) | N15: =IF(G15="","",IF(G15="J",Notes!$B$2,Notes!$B$2*Notes!$B$3/(G15+Notes!$B$3))) | O15: =IF(H15="","",IF(H15="J",Notes!$B$2,Notes!$B$2*Notes!$B$3/(H15+Notes!$B$3)))
A16: 14 | B16: VR12 D | C16: J | D16: 75 | E16: 13 | F16: 12 | G16: 8.2 | H16: 22 | J16: =IF(C16="","",IF(C16="J",Notes!$B$2,Notes!$B$2*Notes!$B$3/(C16+Notes!$B$3))) | K16: =IF(D16="","",IF(D16="J",Notes!$B$2,Notes!$B$2*Notes!$B$3/(D16+Notes!$B$3))) | L16: =IF(E16="","",IF(E16="J",Notes!$B$2,Notes!$B$2*Notes!$B$3/(E16+Notes!$B$3))) | M16: =IF(F16="","",IF(F16="J",Notes!$B$2,Notes!$B$2*Notes!$B$3/(F16+Notes!$B$3))) | N16: =IF(G16="","",IF(G16="J",Notes!$B$2,Notes!$B$2*Notes!$B$3/(G16+Notes!$B$3))) | O16: =IF(H16="","",IF(H16="J",Notes!$B$2,Notes!$B$2*Notes!$B$3/(H16+Notes!$B$3)))
A17: 15 | B17: VR13 R | C17: J | D17: 3.9 | E17: J | F17: 3.9 | G17: 1.6 | H17: J | J17: =IF(C17="","",IF(C17="J",Notes!$B$2,Notes!$B$2*Notes!$B$3/(C17+Notes!$B$3))) | K17: =IF(D17="","",IF(D17="J",Notes!$B$2,Notes!$B$2*Notes!$B$3/(D17+Notes!$B$3))) | L17: =IF(E17="","",IF(E17="J",Notes!$B$2,Notes!$B$2*Notes!$B$3/(E17+Notes!$B$3))) | M17: =IF(F17="","",IF(F17="J",Notes!$B$2,Notes!$B$2*Notes!$B$3/(F17+Notes!$B$3))) | N17: =IF(G17="","",IF(G17="J",Notes!$B$2,Notes!$B$2*Notes!$B$3/(G17+Notes!$B$3))) | O17: =IF(H17="","",IF(H17="J",Notes!$B$2,Notes!$B$2*Notes!$B$3/(H17+Notes!$B$3)))
A18: 16 | B18: VR14 VCA level | C18: J | D18: J | E18: J | F18: J | G18: J | H18: J | J18: =IF(C18="","",IF(C18="J",Notes!$B$2,Notes!$B$2*Notes!$B$3/(C18+Notes!$B$3))) | K18: =IF(D18="","",IF(D18="J",Notes!$B$2,Notes!$B$2*Notes!$B$3/(D18+Notes!$B$3))) | L18: =IF(E18="","",IF(E18="J",Notes!$B$2,Notes!$B$2*Notes!$B$3/(E18+Notes!$B$3))) | M18: =IF(F18="","",IF(F18="J",Notes!$B$2,Notes!$B$2*Notes!$B$3/(F18+Notes!$B$3))) | N18: =IF(G18="","",IF(G18="J",Notes!$B$2,Notes!$B$2*Notes!$B$3/(G18+Notes!$B$3))) | O18: =IF(H18="","",IF(H18="J",Notes!$B$2,Notes!$B$2*Notes!$B$3/(H18+Notes!$B$3)))
A19: 17 | B19: VR15 wave symbol | J19: =IF(C19="","",IF(C19="J",Notes!$B$2,Notes!$B$2*Notes!$B$3/(C19+Notes!$B$3))) | K19: =IF(D19="","",IF(D19="J",Notes!$B$2,Notes!$B$2*Notes!$B$3/(D19+Notes!$B$3))) | L19: =IF(E19="","",IF(E19="J",Notes!$B$2,Notes!$B$2*Notes!$B$3/(E19+Notes!$B$3))) | M19: =IF(F19="","",IF(F19="J",Notes!$B$2,Notes!$B$2*Notes!$B$3/(F19+Notes!$B$3))) | N19: =IF(G19="","",IF(G19="J",Notes!$B$2,Notes!$B$2*Notes!$B$3/(G19+Notes!$B$3))) | O19: =IF(H19="","",IF(H19="J",Notes!$B$2,Notes!$B$2*Notes!$B$3/(H19+Notes!$B$3)))
A20: 18 | B20: VR16 A | C20: 2.2 | D20: 13 | E20: 9.1 | F20: 8.2 | G20: 4.3 | H20: J | J20: =IF(C20="","",IF(C20="J",Notes!$B$2,Notes!$B$2*Notes!$B$3/(C20+Notes!$B$3))) | K20: =IF(D20="","",IF(D20="J",Notes!$B$2,Notes!$B$2*Notes!$B$3/(D20+Notes!$B$3))) | L20: =IF(E20="","",IF(E20="J",Notes!$B$2,Notes!$B$2*Notes!$B$3/(E20+Notes!$B$3))) | M20: =IF(F20="","",IF(F20="J",Notes!$B$2,Notes!$B$2*Notes!$B$3/(F20+Notes!$B$3))) | N20: =IF(G20="","",IF(G20="J",Notes!$B$2,Notes!$B$2*Notes!$B$3/(G20+Notes!$B$3))) | O20: =IF(H20="","",IF(H20="J",Notes!$B$2,Notes!$B$2*Notes!$B$3/(H20+Notes!$B$3)))
A21: 19 | B21: VR17 D | C21: 47 | E21: 36 | F21: 13 | G21: 33 | H21: 11 | J21: =IF(C21="","",IF(C21="J",Notes!$B$2,Notes!$B$2*Notes!$B$3/(C21+Notes!$B$3))) | K21: =IF(D21="","",IF(D21="J",Notes!$B$2,Notes!$B$2*Notes!$B$3/(D21+Notes!$B$3))) | L21: =IF(E21="","",IF(E21="J",Notes!$B$2,Notes!$B$2*Notes!$B$3/(E21+Notes!$B$3))) | M21: =IF(F21="","",IF(F21="J",Notes!$B$2,Notes!$B$2*Notes!$B$3/(F21+Notes!$B$3))) | N21: =IF(G21="","",IF(G21="J",Notes!$B$2,Notes!$B$2*Notes!$B$3/(G21+Notes!$B$3))) | O21: =IF(H21="","",IF(H21="J",Notes!$B$2,Notes!$B$2*Notes!$B$3/(H21+Notes!$B$3)))
A22: 20 | B22: VR18 S | C22: J | D22: 1.2 | E22: 1.2 | F22: 11 | H22: 43 | J22: =IF(C22="","",IF(C22="J",Notes!$B$2,Notes!$B$2*Notes!$B$3/(C22+Notes!$B$3))) | K22: =IF(D22="","",IF(D22="J",Notes!$B$2,Notes!$B$2*Notes!$B$3/(D22+Notes!$B$3))) | L22: =IF(E22="","",IF(E22="J",Notes!$B$2,Notes!$B$2*Notes!$B$3/(E22+Notes!$B$3))) | M22: =IF(F22="","",IF(F22="J",Notes!$B$2,Notes!$B$2*Notes!$B$3/(F22+Notes!$B$3))) | N22: =IF(G22="","",IF(G22="J",Notes!$B$2,Notes!$B$2*Notes!$B$3/(G22+Notes!$B$3))) | O22: =IF(H22="","",IF(H22="J",Notes!$B$2,Notes!$B$2*Notes!$B$3/(H22+Notes!$B$3)))
A23: 21 | B23: VR19 R | C23: 4.7 | D23: 2.7 | E23: J | F23: 5.1 | G23: J | H23: 2 | J23: =IF(C23="","",IF(C23="J",Notes!$B$2,Notes!$B$2*Notes!$B$3/(C23+Notes!$B$3))) | K23: =IF(D23="","",IF(D23="J",Notes!$B$2,Notes!$B$2*Notes!$B$3/(D23+Notes!$B$3))) | L23: =IF(E23="","",IF(E23="J",Notes!$B$2,Notes!$B$2*Notes!$B$3/(E23+Notes!$B$3))) | M23: =IF(F23="","",IF(F23="J",Notes!$B$2,Notes!$B$2*Notes!$B$3/(F23+Notes!$B$3))) | N23: =IF(G23="","",IF(G23="J",Notes!$B$2,Notes!$B$2*Notes!$B$3/(G23+Notes!$B$3))) | O23: =IF(H23="","",IF(H23="J",Notes!$B$2,Notes!$B$2*Notes!$B$3/(H23+Notes!$B$3)))
A24: 22 | B24: VR20 level | C24: J | D24: 1.8 | E24: J | F24: 1.8 | G24: J | H24: 12 | J24: =IF(C24="","",IF(C24="J",Notes!$B$2,Notes!$B$2*Notes!$B$3/(C24+Notes!$B$3))) | K24: =IF(D24="","",IF(D24="J",Notes!$B$2,Notes!$B$2*Notes!$B$3/(D24+Notes!$B$3))) | L24: =IF(E24="","",IF(E24="J",Notes!$B$2,Notes!$B$2*Notes!$B$3/(E24+Notes!$B$3))) | M24: =IF(F24="","",IF(F24="J",Notes!$B$2,Notes!$B$2*Notes!$B$3/(F24+Notes!$B$3))) | N24: =IF(G24="","",IF(G24="J",Notes!$B$2,Notes!$B$2*Notes!$B$3/(G24+Notes!$B$3))) | O24: =IF(H24="","",IF(H24="J",Notes!$B$2,Notes!$B$2*Notes!$B$3/(H24+Notes!$B$3)))
A25: 23 | B25: VR21 touch: init brilliance | C25: 22 | D25: 22 | E25: 22 | F25: 22 | G25: 22 | H25: 16 | J25: =IF(C25="","",IF(C25="J",Notes!$B$2,Notes!$B$2*Notes!$B$3/(C25+Notes!$B$3))) | K25: =IF(D25="","",IF(D25="J",Notes!$B$2,Notes!$B$2*Notes!$B$3/(D25+Notes!$B$3))) | L25: =IF(E25="","",IF(E25="J",Notes!$B$2,Notes!$B$2*Notes!$B$3/(E25+Notes!$B$3))) | M25: =IF(F25="","",IF(F25="J",Notes!$B$2,Notes!$B$2*Notes!$B$3/(F25+Notes!$B$3))) | N25: =IF(G25="","",IF(G25="J",Notes!$B$2,Notes!$B$2*Notes!$B$3/(G25+Notes!$B$3))) | O25: =IF(H25="","",IF(H25="J",Notes!$B$2,Notes!$B$2*Notes!$B$3/(H25+Notes!$B$3)))
A26: 24 | B26: VR22 touch: init level | C26: J | D26: J | E26: J | F26: J | G26: J | H26: J | J26: =IF(C26="","",IF(C26="J",Notes!$B$2,Notes!$B$2*Notes!$B$3/(C26+Notes!$B$3))) | K26: =IF(D26="","",IF(D26="J",Notes!$B$2,Notes!$B$2*Notes!$B$3/(D26+Notes!$B$3))) | L26: =IF(E26="","",IF(E26="J",Notes!$B$2,Notes!$B$2*Notes!$B$3/(E26+Notes!$B$3))) | M26: =IF(F26="","",IF(F26="J",Notes!$B$2,Notes!$B$2*Notes!$B$3/(F26+Notes!$B$3))) | N26: =IF(G26="","",IF(G26="J",Notes!$B$2,Notes!$B$2*Notes!$B$3/(G26+Notes!$B$3))) | O26: =IF(H26="","",IF(H26="J",Notes!$B$2,Notes!$B$2*Notes!$B$3/(H26+Notes!$B$3)))
A27: 25 | B27: VR23 touch: after brilliance | C27: J | E27: 10 | F27: 62 | H27: 1.5 | J27: =IF(C27="","",IF(C27="J",Notes!$B$2,Notes!$B$2*Notes!$B$3/(C27+Notes!$B$3))) | K27: =IF(D27="","",IF(D27="J",Notes!$B$2,Notes!$B$2*Notes!$B$3/(D27+Notes!$B$3))) | L27: =IF(E27="","",IF(E27="J",Notes!$B$2,Notes!$B$2*Notes!$B$3/(E27+Notes!$B$3))) | M27: =IF(F27="","",IF(F27="J",Notes!$B$2,Notes!$B$2*Notes!$B$3/(F27+Notes!$B$3))) | N27: =IF(G27="","",IF(G27="J",Notes!$B$2,Notes!$B$2*Notes!$B$3/(G27+Notes!$B$3))) | O27: =IF(H27="","",IF(H27="J",Notes!$B$2,Notes!$B$2*Notes!$B$3/(H27+Notes!$B$3)))
A28: 26 | B28: VR24 touch: after level | C28: J | D28: J | E28: J | F28: J | G28: J | H28: J | J28: =IF(C28="","",IF(C28="J",Notes!$B$2,Notes!$B$2*Notes!$B$3/(C28+Notes!$B$3))) | K28: =IF(D28="","",IF(D28="J",Notes!$B$2,Notes!$B$2*Notes!$B$3/(D28+Notes!$B$3))) | L28: =IF(E28="","",IF(E28="J",Notes!$B$2,Notes!$B$2*Notes!$B$3/(E28+Notes!$B$3))) | M28: =IF(F28="","",IF(F28="J",Notes!$B$2,Notes!$B$2*Notes!$B$3/(F28+Notes!$B$3))) | N28: =IF(G28="","",IF(G28="J",Notes!$B$2,Notes!$B$2*Notes!$B$3/(G28+Notes!$B$3))) | O28: =IF(H28="","",IF(H28="J",Notes!$B$2,Notes!$B$2*Notes!$B$3/(H28+Notes!$B$3)))
